Severe,Total,Issevere
0,6,false
31,189,true
0,7,false
0,3,false
2,5,true
20,935,false
0,38,false
0,5,false
4,51,true
0,1,false
3,70,false
6,287,false
0,1,false
3,89,false
0,2,false
1,38,false
2,15,true
51,1748,false
0,6,false
9,163,true
0,35,false
46,774,true
0,37,false
1,26,false
1,3,true
0,43,false
0,424,false
0,3,false
34,353,true
0,11,false
14,291,false
0,8,false
6,228,false
7,11,true
5,385,false
0,3,false
0,1,false
1,63,false
0,27,false
3,43,true
2,17,true
5,544,false
90,834,true
0,13,false
2,89,false
0,2,false
1,15,true
15,290,true
0,1,false
16,339,false
0,6,false
0,16,false
1,5,true
5,59,true
0,17,false
0,7,false
0,20,false
0,3,false
0,1,false
0,2,false
0,9,false
0,18,false
3,21,true
0,1,false
0,1,false
0,5,false
0,1,false
0,9,false
0,1,false
0,7,false
0,2,false
4,25,true
0,5,false
2,52,false
0,1,false
0,2,false
0,1,false
56,487,true
231,2249,true
73,445,true
98,436,true
10,35,true
0,23,false
0,1,false
0,1,false
0,5,false
0,12,false
0,1,false
0,1,false
4,73,true
0,1,false
1,242,false
1,14,true
0,2,false
0,7,false
0,1,false
0,2,false
0,3,false
0,2,false
0,1,false
4,44,true
0,23,false
0,32,false
1,27,false
2,22,true
2,71,false
0,6,false
0,1,false
0,3,false
0,30,false
0,1,false
0,2,false
0,6,false
0,1,false
0,39,false
4,48,true
11,463,false
1,56,false
1,28,false
0,1,false
0,7,false
0,3,false
0,1,false
2,7,true
0,32,false
1,36,false
0,1,false
0,1,false
0,23,false
2,4,true
0,1,false
0,2,false
0,1,false
0,1,false
1,33,false
0,1,false
1,3,true
0,1,false
1,46,false
0,13,false
0,2,false
0,7,false
0,34,false
0,8,false
0,6,false
0,4,false
0,20,false
0,2,false
0,12,false
0,1,false
0,11,false
0,2,false
0,5,false
1,8,true
0,4,false
0,2,false
1,4,true
0,2,false
0,2,false
0,6,false
0,12,false
0,3,false
1,6,true
0,5,false
1,32,false
0,9,false
0,42,false
0,1,false
0,4,false
0,5,false
0,2,false
0,4,false
0,14,false
0,12,false
0,43,false
0,2,false
0,6,false
3,17,true
0,4,false
2,152,false
0,1,false
0,2,false
0,1,false
2,33,true
1,12,true
26,604,false
0,6,false
0,1,false
0,2,false
6,214,false
0,3,false
0,11,false
0,1,false
0,11,false
2,74,false
0,7,false
2,302,false
0,2,false
0,1,false
1,18,true
0,1,false
3,81,false
4,57,true
0,2,false
0,3,false
86,689,true
0,1,false
0,1,false
1,646,false
1,48,false
0,21,false
0,5,false
0,1,false
0,12,false
7,110,true
0,5,false
0,3,false
0,18,false
1,27,false
0,236,false
0,1,false
10,141,true
0,11,false
0,1,false
2,135,false
0,15,false
7,11,true
0,11,false
1,43,false
2,48,false
0,1,false
0,6,false
0,2,false
0,1,false
0,1,false
0,2,false
0,6,false
0,2,false
0,2,false
0,3,false
0,6,false
0,428,false
0,18,false
7,83,true
0,6,false
1,32,false
1,2,true
3,18,true
0,12,false
5,125,false
0,8,false
0,1,false
0,1,false
0,3,false
0,32,false
1,12,true
0,1,false
0,1,false
16,106,true
1,43,false
0,27,false
0,103,false
0,14,false
0,6,false
0,3,false
1,33,false
0,1,false
1,13,true
0,2,false
0,3,false
0,1,false
0,4,false
0,5,false
1,47,false
0,3,false
0,16,false
0,1,false
0,2,false
0,1,false
0,3,false
0,1,false
0,3,false
0,1,false
0,15,false
0,2,false
4,40,true
0,1,false
102,2021,true
5,66,true
4,76,true
34,240,true
21,115,true
34,343,true
256,3591,true
4,226,false
54,2518,false
65,248,true
110,911,true
42,280,true
2,5,true
67,1174,true
3,99,false
2,3,true
1,5,true
24,138,true
10,49,true
0,2,false
14,151,true
0,14,false
0,1,false
4,19,true
0,3,false
0,4,false
4,27,true
3,155,false
33,1422,false
0,2,false
5,69,true
2,116,false
12,53,true
0,3,false
1,15,true
32,407,true
0,5,false
0,162,false
0,5,false
0,3,false
12,92,true
3,29,true
1,322,false
2,18,true
57,572,true
1,38,false
6,69,true
0,2,false
4,33,true
7,75,true
2,9,true
0,1,false
0,1,false
0,334,false
0,117,false
0,1,false
0,3,false
0,1,false
0,27,false
0,2,false
0,1,false
0,16,false
0,1,false
0,2,false
0,7,false
0,5,false
0,2,false
0,1,false
0,1,false
0,1,false
0,3,false
1,16,true
0,32,false
24,530,false
0,1,false
5,118,false
0,16,false
0,1,false
0,2,false
0,1,false
0,1,false
1,9,true
1,46,false
3,10,true
0,1,false
0,1,false
2,56,false
0,1,false
1,17,true
2,8,true
0,1,false
7,147,false
0,5,false
0,1,false
0,10,false
0,2,false
0,1,false
0,10,false
0,14,false
4,23,true
0,1,false
0,1,false
0,1,false
0,4,false
1,2,true
4,95,false
1,25,false
0,3,false
0,3,false
0,8,false
0,1,false
1,30,false
0,8,false
0,2,false
0,2,false
0,2,false
10,85,true
15,396,false
1,4,true
0,1,false
4,38,true
3,75,false
0,2,false
1,2,true
5,314,false
1,4,true
34,106,true
3,20,true
2,17,true
5,84,true
16,70,true
3,632,false
59,609,true
79,1620,false
0,17,false
17,190,true
9,217,false
1,50,false
82,600,true
10,852,false
45,576,true
0,2,false
3,45,true
56,1066,true
2,26,true
2,277,false
12,103,true
18,52,true
2,162,false
5,77,true
20,159,true
0,65,false
12,180,true
10,176,true
1,130,false
3,155,false
2,24,true
1,33,false
45,835,true
10,283,false
30,731,false
0,1,false
2,5,true
1,14,true
0,57,false
7,177,false
0,19,false
0,6,false
0,36,false
4,33,true
4,40,true
0,1,false
0,13,false
0,1,false
0,1,false
0,1,false
3,62,false
0,8,false
0,2,false
0,4,false
2,28,true
0,1,false
3,17,true
0,2,false
0,2,false
1,23,false
1,12,true
2,9,true
0,5,false
0,21,false
2,28,true
9,131,true
1,4,true
0,1,false
0,2,false
0,3,false
0,6,false
7,41,true
0,4,false
0,1,false
0,1,false
0,1,false
2,7,true
0,1,false
0,1,false
1,2,true
0,1,false
0,2,false
17,172,true
0,18,false
0,2,false
0,7,false
0,7,false
0,4,false
0,5,false
0,31,false
0,2,false
0,30,false
0,10,false
0,2,false
0,2,false
0,1,false
0,5,false
3,15,true
1,37,false
0,9,false
0,1,false
1,4,true
2,5,true
0,3,false
0,1,false
10,14,true
76,644,true
2,49,false
15,124,true
0,2,false
0,3,false
0,4,false
0,1,false
0,1,false
0,3,false
0,2,false
0,2,false
0,1,false
0,12,false
1,31,false
0,7,false
1,9,true
4,99,false
0,2,false
0,2,false
0,1,false
0,1,false
0,3,false
3,226,false
0,12,false
0,145,false
0,1,false
0,3,false
1,4,true
0,1,false
0,2,false
0,1,false
0,4,false
0,1,false
0,7,false
0,9,false
0,1,false
3,1760,false
0,131,false
0,2,false
0,3,false
0,3,false
0,8,false
0,22,false
0,1,false
0,3,false
0,4,false
0,19,false
0,4,false
0,16,false
0,30,false
0,10,false
1,7,true
0,41,false
0,1,false
0,12,false
0,4,false
0,22,false
0,4,false
0,12,false
0,1,false
1,1,true
0,12,false
0,1,false
0,2,false
0,24,false
14,1479,false
0,2,false
0,4,false
0,1,false
0,2,false
0,1,false
0,2,false
0,9,false
0,2,false
0,5,false
0,1,false
0,3,false
0,1,false
0,56,false
0,1,false
0,7,false
0,1,false
0,23,false
0,11,false
0,1,false
0,47,false
0,15,false
0,11,false
0,4,false
5,143,false
0,4,false
0,2,false
45,1452,false
4,65,true
1,111,false
0,149,false
0,87,false
0,35,false
0,3,false
0,5,false
0,43,false
0,152,false
5,97,true
0,5,false
42,3255,false
0,9,false
134,600,true
0,6,false
0,29,false
47,258,true
1,6,true
16,111,true
174,1436,true
201,2190,true
0,8,false
0,1,false
0,1,false
0,1,false
0,1,false
0,3,false
0,1,false
0,1,false
1,2,true
0,2,false
1,11,true
0,1,false
0,1,false
158,1423,true
56,1071,true
0,1,false
43,883,false
0,3,false
27,2069,false
209,5547,false
3,155,false
7,116,true
1,130,false
0,15,false
2,16,true
0,27,false
0,1,false
0,7,false
2,67,false
0,2,false
0,14,false
0,5,false
284,2752,true
50,2356,false
0,33,false
0,5,false
0,18,false
1,27,false
0,1,false
5,61,true
0,3,false
2,18,true
3,73,false
34,188,true
0,1,false
2,138,false
1,8,true
7,116,true
0,17,false
4,122,false
2,60,false
11,138,true
0,1,false
1,3,true
0,12,false
9,100,true
0,4,false
0,15,false
0,14,false
0,7,false
0,3,false
0,1,false
0,3,false
3,54,true
0,3,false
3,53,true
2,12,true
0,1,false
0,3,false
0,1,false
0,8,false
0,7,false
1,2,true
4,26,true
1,22,false
0,6,false
0,3,false
1,46,false
1,7,true
0,4,false
1,3,true
2,40,true
9,69,true
8,117,true
20,121,true
3,55,true
0,3,false
5,50,true
0,9,false
1,11,true
2,20,true
5,70,true
12,345,false
0,12,false
0,7,false
0,1,false
8,132,true
4,57,true
71,841,true
0,178,false
2,20,true
0,5,false
1,38,false
0,2,false
0,2,false
0,1,false
1,15,true
7,174,false
0,13,false
1,19,true
7,137,true
11,107,true
0,12,false
0,46,false
4,35,true
14,112,true
7,49,true
0,1,false
32,408,true
4,35,true
1,8,true
10,122,true
0,4,false
0,7,false
0,22,false
1,18,true
4,43,true
3,23,true
0,1,false
2,78,false
9,44,true
0,4,false
0,30,false
0,10,false
0,7,false
0,5,false
1,3,true
0,6,false
1,4,true
5,28,true
0,1,false
0,1,false
0,3,false
0,2,false
0,1,false
0,5,false
0,5,false
0,3,false
1,24,false
0,1,false
9,26,true
10,2534,false
118,1211,true
278,3109,true
85,748,true
138,343,true
0,2,false
0,1,false
2,8,true
5,30,true
0,6,false
9,22,true
0,5,false
2,8,true
4,227,false
0,19,false
36,228,true
3,24,true
1,69,false
0,1,false
0,1,false
0,3,false
0,3,false
0,3,false
0,1,false
0,1,false
0,1,false
0,1,false
0,1,false
0,4,false
0,1,false
0,1,false
1,403,false
0,1,false
0,12,false
2,2,true
0,1,false
0,1,false
0,2,false
0,1,false
0,1,false
0,12,false
0,3,false
0,1,false
0,11,false
20,457,false
4,84,false
13,193,true
3,55,true
0,41,false
0,2,false
3,78,false
2,20,true
0,13,false
0,16,false
0,5,false
2,81,false
1,18,true
0,4,false
6,181,false
3,31,true
5,90,true
0,2,false
0,1,false
0,10,false
1,8,true
0,1,false
0,1,false
0,1,false
0,1,false
0,1,false
0,2,false
0,5,false
0,1,false
0,1,false
0,1,false
2,37,true
0,2,false
1,15,true
0,7,false
1,11,true
0,1,false
3,62,false
0,11,false
0,1,false
0,4,false
4,74,true
0,1,false
4,156,false
0,1,false
0,1,false
0,3,false
0,2,false
0,40,false
1,28,false
1,11,true
1,27,false
2,164,false
1,19,true
0,6,false
0,1,false
0,4,false
0,10,false
0,20,false
0,1,false
1,2,true
0,25,false
0,3,false
6,34,true
0,8,false
0,1,false
0,1,false
0,1,false
0,1,false
0,2,false
0,3,false
0,49,false
1,42,false
1,77,false
1,98,false
0,28,false
4,329,false
0,1,false
0,2,false
0,4,false
0,4,false
4,25,true
1,24,false
0,1,false
0,2,false
0,5,false
0,2,false
0,3,false
0,5,false
0,2,false
0,1,false
0,1,false
0,2,false
15,393,false
0,2,false
0,11,false
0,3,false
0,3,false
0,2,false
0,11,false
0,2,false
7,117,true
0,3,false
1,4,true
0,1,false
0,18,false
0,1,false
4,19,true
2,36,true
0,1,false
0,1,false
5,63,true
0,5,false
0,1,false
0,1,false
18,103,true
1,232,false
0,119,false
1,25,false
13,292,false
1,11,true
6,178,false
17,310,true
0,4,false
0,7,false
0,4,false
1,66,false
0,1,false
0,1,false
1,6,true
0,1,false
0,7,false
1,15,true
3,176,false
0,9,false
0,6,false
0,1,false
0,1,false
0,9,false
0,3,false
0,3,false
0,4,false
0,2,false
0,6,false
0,5,false
20,118,true
0,5,false
1,1,true
101,1656,true
0,2,false
0,2,false
0,5,false
6,48,true
0,41,false
2,14,true
3,13,true
8,46,true
59,413,true
36,836,false
0,72,false
7,191,false
38,770,false
115,617,true
3,36,true
0,1,false
0,8,false
3,5,true
0,22,false
0,1,false
0,13,false
15,109,true
0,6,false
0,293,false
12,38,true
0,45,false
15,124,true
0,5,false
0,1,false
2,29,true
26,312,true
0,6,false
2,1230,false
1,17,true
9,1640,false
74,1934,false
6,46,true
24,663,false
1,1044,false
24,73,true
1,16,true
0,2,false
22,6185,false
0,1,false
3,825,false
3,535,false
1,718,false
1,317,false
6,200,false
0,15,false
4,10,true
4,48,true
11,44,true
8,144,true
4,80,true
1,78,false
1,365,false
14,190,true
1,37,false
0,2,false
0,10,false
1,65,false
1,44,false
0,1,false
0,3,false
0,4,false
0,3,false
56,1967,false
0,10,false
14,221,true
1,15,true
0,16,false
2,48,false
0,3,false
0,10,false
0,13,false
2,41,false
1,35,false
0,32,false
2,6,true
2,19,true
1,86,false
0,13,false
0,5,false
0,1,false
0,4,false
0,1,false
0,21,false
0,1,false
0,15,false
1,14,true
0,1,false
1,3,true
0,2,false
0,3,false
1,9,true
3,118,false
58,515,true
1,10,true
8,226,false
0,2,false
5,34,true
1,8,true
3,62,false
15,72,true
0,4,false
0,1,false
0,2,false
1,9,true
0,1,false
0,2,false
0,1,false
0,1,false
0,3,false
0,1,false
0,7,false
0,3,false
4,69,true
0,5,false
0,12,false
0,29,false
0,1,false
0,2,false
0,2,false
0,3,false
0,50,false
3,28,true
17,117,true
17,72,true
3,17,true
3,84,false
0,6,false
0,9,false
1,20,true
0,3,false
0,9,false
0,2,false
2,27,true
1,42,false
0,7,false
0,33,false
5,54,true
15,56,true
3,31,true
0,5,false
0,10,false
1,23,false
5,25,true
0,12,false
0,1,false
1,7,true
1,1,true
0,1,false
0,9,false
0,1,false
1,3,true
0,4,false
4,86,false
1,5,true
0,6,false
0,34,false
0,1,false
1,4,true
17,121,true
0,1,false
0,1,false
0,2,false
6,117,true
0,56,false
0,18,false
0,5,false
38,1027,false
4,19,true
0,13,false
0,13,false
1,7,true
1,121,false
2,15,true
0,22,false
0,38,false
2,19,true
0,2,false
0,11,false
0,1,false
0,10,false
0,8,false
1,35,false
0,1,false
0,15,false
0,1,false
0,56,false
0,20,false
0,1,false
0,34,false
0,11,false
0,3,false
0,7,false
1,39,false
0,1,false
5,63,true
0,2,false
4,57,true
0,1,false
2,100,false
0,2,false
0,1,false
3,334,false
1,1,true
8,93,true
13,59,true
239,1368,true
3,129,false
82,1122,true
35,134,true
26,149,true
22,355,true
8,416,false
1,7,true
40,569,true
23,144,true
2,9,true
5,35,true
7,51,true
80,716,true
3,6,true
16,171,true
4,75,true
50,393,true
61,243,true
0,29,false
26,1709,false
33,144,true
3,49,true
136,1039,true
12,348,false
87,524,true
11,25,true
8,28,true
0,2,false
2,64,false
60,288,true
3,26,true
54,731,true
35,184,true
0,36,false
0,1,false
0,2,false
0,2,false
7,291,false
8,75,true
32,85,true
0,19,false
12,77,true
20,52,true
42,281,true
1,21,false
1,22,false
6,130,false
4,95,false
19,75,true
8,38,true
25,521,false
2,19,true
0,19,false
0,4,false
2,5,true
0,2,false
0,12,false
122,2037,true
6,142,false
4,37,true
8,30,true
1,2,true
0,20,false
2,22,true
1,41,false
35,624,true
3,153,false
2,67,false
14,165,true
2,6,true
46,291,true
0,5,false
0,431,false
3,647,false
0,1,false
0,5,false
4,105,false
0,7,false
0,441,false
3,22,true
0,1,false
1,682,false
0,67,false
0,8,false
0,2,false
0,12,false
0,15,false
2,102,false
0,4,false
0,1,false
0,1,false
0,1,false
0,7,false
0,2,false
5,50,true
0,27,false
0,11,false
0,1,false
46,1157,false
4,317,false
1,6,true
0,9,false
244,5712,false
2,102,false
2,11,true
0,10,false
4,282,false
0,11,false
8,167,false
2,11,true
0,17,false
33,144,true
0,67,false
5,210,false
1,114,false
0,11,false
0,45,false
15,315,false
0,23,false
3,78,false
4,218,false
0,23,false
1,26,false
0,1,false
3,18,true
19,92,true
8,33,true
4,49,true
0,60,false
1,16,true
0,12,false
2,67,false
0,13,false
1,46,false
0,8,false
0,2,false
0,13,false
1,83,false
4,126,false
1,27,false
4,255,false
6,76,true
5,113,false
3,15,true
0,1,false
0,17,false
0,3,false
0,1,false
16,238,true
0,1,false
0,1,false
1,1,true
0,3,false
0,1,false
0,5,false
0,42,false
0,1,false
0,1,false
0,2,false
0,1,false
0,11,false
2,9,true
0,3,false
0,1,false
2,17,true
0,5,false
1,6,true
0,1,false
1,68,false
3,15,true
2,30,true
1,4,true
1,8,true
0,20,false
0,1,false
0,3,false
0,5,false
0,1,false
0,7,false
0,3,false
0,4,false
0,1,false
0,3,false
0,1,false
0,9,false
0,1,false
0,1,false
0,3,false
0,1,false
0,1,false
0,1,false
0,1,false
0,1,false
0,1,false
1,3,true
2,31,true
2,115,false
4,84,false
0,1,false
0,1,false
0,3,false
0,1,false
0,16,false
0,5,false
0,6,false
0,42,false
1,6,true
0,4,false
1,31,false
0,9,false
11,293,false
0,2,false
0,1,false
0,1,false
0,4,false
0,1,false
0,1,false
8,138,true
0,2,false
0,37,false
0,22,false
0,1,false
1,227,false
0,4,false
0,31,false
0,3,false
0,2,false
7,137,true
1,7,true
1,32,false
19,65,true
33,659,true
4,17,true
0,4,false
23,196,true
0,8,false
5,29,true
0,1,false
1,19,true
0,1,false
2,37,true
0,4,false
0,1,false
1,1,true
0,5,false
0,4,false
0,1,false
0,1,false
0,5,false
0,2,false
0,5,false
0,2,false
31,397,true
0,1,false
1,5,true
0,2,false
0,1,false
0,3,false
0,1,false
0,6,false
0,26,false
0,58,false
0,1,false
0,73,false
1,74,false
0,4,false
57,312,true
461,7315,true
0,4,false
0,23,false
1,29,false
116,711,true
21,752,false
19,549,false
1,15,true
0,3,false
0,1,false
0,1,false
0,2,false
0,5,false
3,9,true
0,10,false
0,84,false
0,8,false
0,2,false
0,4,false
0,44,false
2,29,true
0,19,false
0,47,false
1,36,false
0,3,false
0,1,false
115,3020,false
20,1236,false
2,135,false
8,124,true
1,7,true
43,541,true
1,532,false
0,2,false
1,82,false
1,38,false
16,297,true
0,84,false
12,184,true
3,63,false
0,49,false
2,117,false
0,71,false
8,1693,false
17,955,false
1,42,false
1,269,false
0,1,false
0,15,false
0,8,false
0,119,false
0,439,false
0,16,false
1,4,true
4,75,true
10,746,false
12,423,false
0,6,false
0,7,false
1,23,false
0,3,false
163,5013,false
4,26,true
5,81,true
2,32,true
0,15,false
8,137,true
3,101,false
0,11,false
11,82,true
33,107,true
0,4,false
1,9,true
0,1,false
0,6,false
2,14,true
0,3,false
0,26,false
0,1,false
5,2018,false
0,1,false
0,1,false
0,12,false
0,1,false
0,1,false
0,1,false
0,2,false
0,3,false
0,2,false
0,1,false
0,1,false
0,1,false
0,4,false
0,1,false
0,2,false
0,1,false
0,1,false
0,1,false
0,1,false
0,21,false
0,4,false
0,1,false
0,1,false
0,61,false
0,1,false
1,3,true
2,17,true
1,9,true
0,10,false
0,25,false
13,607,false
0,1,false
1,4,true
1,67,false
0,17,false
10,130,true
0,29,false
0,189,false
0,1,false
0,1,false
0,66,false
0,67,false
0,1,false
0,5,false
28,175,true
1,24,false
2,29,true
0,58,false
0,1,false
0,1,false
0,1,false
0,1,false
0,2,false
0,1,false
0,3,false
0,1,false
0,1,false
5,71,true
25,648,false
4,98,false
0,19,false
0,3,false
1,204,false
14,394,false
1,20,true
0,4,false
0,1,false
0,9,false
0,27,false
0,39,false
0,1,false
1,59,false
3,135,false
0,1,false
0,1,false
0,1,false
2,32,true
0,2,false
0,1,false
0,1,false
0,13,false
1,9,true
0,1,false
0,7,false
0,2,false
0,1,false
0,1,false
0,1,false
1,7,true
0,1,false
0,1,false
0,2,false
0,3,false
0,1,false
2,80,false
0,1,false
0,2,false
0,16,false
0,3,false
0,1,false
0,1,false
0,3,false
0,5,false
2,24,true
5,301,false
0,68,false
0,1,false
0,2,false
1,11,true
1,17,true
13,395,false
0,1,false
7,107,true
1,49,false
35,695,true
12,594,false
4,174,false
8,112,true
1,14,true
0,1,false
0,1,false
0,1,false
2,84,false
0,17,false
0,2,false
0,190,false
0,1,false
10,160,true
0,1,false
2,155,false
3,41,true
0,3,false
0,5,false
0,3,false
0,8,false
0,2,false
0,1,false
0,2,false
1,2,true
0,1,false
0,1,false
2,138,false
0,5,false
0,1,false
18,162,true
1,8,true
0,2,false
0,2,false
32,389,true
0,10,false
0,10,false
0,1,false
0,14,false
0,5,false
7,150,false
0,18,false
4,78,true
1,7,true
0,1,false
0,1,false
0,1,false
0,1,false
1,18,true
12,50,true
0,2,false
1,17,true
0,2,false
0,7,false
24,500,false
13,31,true
0,3,false
0,1,false
2,10,true
5,73,true
0,1,false
0,1,false
0,1,false
0,6,false
0,13,false
0,1,false
0,1,false
0,15,false
0,22,false
0,5,false
0,8,false
0,1,false
0,3,false
0,2,false
0,14,false
0,2,false
0,1,false
2,99,false
0,1,false
0,1,false
0,3,false
0,1,false
0,3,false
0,3,false
0,1,false
2,13,true
0,2,false
0,3,false
0,6,false
0,1,false
1,48,false
0,3,false
0,1,false
0,117,false
0,66,false
0,6,false
1,6,true
0,31,false
0,4,false
1,19,true
0,12,false
0,3,false
2,5,true
0,11,false
0,4,false
0,1,false
0,1,false
0,2,false
62,305,true
0,2,false
0,1,false
0,1,false
1,6,true
0,2,false
0,14,false
3,273,false
2,102,false
0,13,false
0,2,false
0,1,false
0,3,false
0,75,false
0,47,false
0,2,false
0,1,false
0,1,false
0,6,false
4,843,false
0,11,false
0,5,false
0,4,false
0,2,false
0,2,false
0,1,false
0,16,false
1,203,false
0,19,false
1,656,false
0,25,false
27,58,true
0,2,false
0,4,false
14,127,true
0,5,false
13,75,true
6,78,true
0,3,false
0,2,false
6,451,false
1,10,true
25,126,true
4,14,true
35,1112,false
4,50,true
6,59,true
4,26,true
4,78,true
10,90,true
26,336,true
71,477,true
0,81,false
120,1297,true
5,30,true
0,4,false
0,3,false
1,48,false
0,1,false
1,36,false
2,251,false
0,4,false
31,115,true
20,604,false
0,16,false
2,88,false
2,159,false
0,63,false
0,8,false
4,222,false
9,110,true
11,536,false
0,5,false
3,24,true
2,79,false
9,64,true
0,16,false
32,676,false
6,105,true
1,11,true
6,237,false
14,394,false
17,88,true
1,13,true
0,2,false
0,1,false
0,1,false
0,8,false
0,62,false
0,5,false
1,1,true
0,1,false
0,1,false
0,2,false
98,1402,true
0,1,false
0,1,false
0,1,false
0,1,false
0,1,false
0,49,false
0,4,false
0,15,false
0,2,false
0,16,false
0,2,false
1,34,false
1,64,false
0,1,false
0,293,false
0,3,false
0,4,false
0,4,false
0,4,false
0,2,false
0,5,false
0,15,false
0,2,false
0,4,false
0,1,false
0,3,false
0,1,false
0,23,false
0,43,false
2,84,false
0,1,false
0,1,false
2,58,false
0,462,false
0,1,false
0,1,false
0,1,false
25,135,true
27,86,true
0,4,false
0,1,false
25,172,true
3,29,true
0,6,false
0,6,false
34,714,false
0,22,false
39,328,true
5,38,true
0,4,false
0,1,false
1,5,true
0,2,false
2,19,true
1,14,true
0,1,false
2,22,true
0,15,false
0,1,false
2,7,true
0,4,false
0,2,false
0,2,false
1,1,true
3,64,false
0,9,false
8,71,true
0,1,false
4,23,true
0,1,false
0,53,false
0,38,false
0,18,false
0,2,false
0,6,false
0,1,false
0,1,false
1,47,false
1,1,true
0,1,false
0,1,false
0,1,false
0,2,false
0,1,false
0,1,false
0,1,false
0,1,false
0,3,false
0,1,false
8,109,true
0,16,false
1,4,true
0,8,false
0,1,false
0,2,false
0,4,false
2,37,true
0,1,false
0,1,false
0,1,false
6,91,true
10,126,true
0,3,false
125,1022,true
28,700,false
7,148,false
16,319,true
8,515,false
0,3,false
12,137,true
2,17,true
0,1,false
0,5,false
63,807,true
0,5,false
1,4,true
0,26,false
0,9,false
0,4,false
1,50,false
6,52,true
3,49,true
0,16,false
1,42,false
2,21,true
0,3,false
0,1,false
0,8,false
0,5,false
0,2,false
0,7,false
0,82,false
0,35,false
0,4,false
1,9,true
1,2,true
0,2,false
1,1,true
0,1,false
0,1,false
1,3,true
0,2,false
1,5,true
0,1,false
0,1,false
0,2,false
0,2,false
3,70,false
0,1,false
0,1,false
0,1,false
55,1487,false
0,5,false
0,9,false
0,5,false
0,1,false
22,496,false
0,1,false
168,1168,true
0,4,false
2,26,true
18,146,true
46,1470,false
16,174,true
98,1583,true
0,2,false
0,58,false
6,742,false
2,19,true
46,580,true
7,144,false
9,192,false
45,232,true
21,201,true
7,77,true
98,1020,true
4,273,false
1,12,true
5,82,true
4,115,false
0,3,false
0,7,false
0,9,false
0,2,false
54,3086,false
81,1734,false
11,32,true
2,28,true
1,34,false
2,31,true
0,9,false
0,1,false
1,51,false
1,15,true
43,285,true
0,8,false
28,199,true
14,126,true
0,1,false
0,6,false
18,187,true
3,43,true
0,15,false
2,20,true
8,96,true
13,37,true
56,412,true
2,31,true
0,6,false
13,63,true
0,4,false
37,333,true
109,967,true
11,173,true
1,6,true
0,4,false
45,274,true
20,156,true
6,145,false
97,982,true
0,9,false
0,4,false
215,2067,true
91,618,true
0,39,false
9,82,true
0,24,false
0,111,false
0,123,false
6,37,true
1,152,false
0,6,false
0,3,false
0,2,false
6,406,false
1,40,false
1,78,false
1,23,false
0,26,false
2,259,false
0,54,false
1,19,true
0,87,false
0,2,false
1,6,true
51,1361,false
0,1,false
0,1,false
0,1,false
0,29,false
0,19,false
0,1,false
3,93,false
0,23,false
0,1,false
3,93,false
0,1,false
0,3,false
1,1,true
0,11,false
0,2,false
0,2,false
0,2,false
0,8,false
0,5,false
0,18,false
0,4,false
0,1,false
0,1,false
0,1,false
0,2,false
3,48,true
3,6,true
0,1,false
9,84,true
0,1,false
0,12,false
0,19,false
1,428,false
0,5,false
9,207,false
0,20,false
0,7,false
1,7,true
0,353,false
3,438,false
15,1139,false
0,23,false
9,121,true
0,8,false
0,4,false
0,2,false
0,1,false
0,2,false
28,142,true
21,1416,false
8,231,false
24,109,true
0,29,false
2,20,true
0,25,false
1,2,true
0,4,false
0,2,false
1,22,false
0,1,false
0,5,false
1,5,true
4,98,false
0,1,false
0,41,false
0,8,false
0,3,false
0,2,false
3,12,true
0,1,false
0,3,false
0,11,false
0,1,false
0,2,false
0,4,false
0,8,false
2,6,true
0,1,false
0,11,false
0,24,false
0,1,false
0,1,false
0,2,false
0,2,false
0,15,false
5,82,true
0,16,false
0,3,false
0,2,false
0,5,false
0,2,false
1,10,true
1,8,true
0,1,false
8,152,true
1,51,false
0,44,false
40,1281,false
0,19,false
76,2055,false
0,27,false
12,374,false
2,40,true
5,76,true
1,12,true
0,11,false
0,5,false
0,53,false
0,1,false
0,27,false
0,2,false
0,7,false
0,2,false
0,1,false
0,2,false
0,1,false
2,256,false
0,5,false
0,2,false
0,57,false
0,30,false
0,20,false
0,110,false
0,77,false
0,9,false
0,1,false
0,1,false
0,2,false
0,1,false
0,1,false
0,2,false
0,1,false
0,6,false
0,1,false
0,11,false
0,16,false
1,40,false
0,8,false
0,1,false
0,3,false
0,8,false
1,2,true
21,524,false
0,1,false
0,1,false
0,3,false
1,43,false
1,3,true
0,2,false
0,27,false
0,2,false
0,4,false
0,24,false
1,64,false
15,64,true
1,114,false
0,2,false
0,3,false
0,9,false
15,112,true
0,2,false
0,10,false
3,26,true
166,701,true
4,33,true
0,6,false
0,15,false
0,6,false
0,10,false
250,1675,true
0,1,false
0,6,false
1,15,true
0,5,false
13,219,true
0,4,false
140,497,true
5,150,false
0,16,false
0,1,false
0,2,false
0,1,false
2,24,true
1,14,true
1,26,false
3,84,false
1,4,true
14,121,true
3,102,false
4,67,true
2,6,true
23,168,true
5,17,true
0,30,false
0,2,false
0,2,false
0,1,false
0,4,false
0,2,false
0,17,false
1,4,true
0,8,false
0,16,false
15,204,true
0,15,false
1,1,true
52,1102,false
0,1,false
0,5,false
3,40,true
1,1,true
4,77,true
0,11,false
1,67,false
0,3,false
1,1,true
2,14,true
8,76,true
14,60,true
19,172,true
8,220,false
0,3,false
10,95,true
0,1,false
75,630,true
0,5,false
0,7,false
1,31,false
0,2,false
0,5,false
0,1,false
0,1,false
1,3,true
0,4,false
2,17,true
1,4,true
0,1,false
0,15,false
0,18,false
0,2,false
0,4,false
0,9,false
7,67,true
0,13,false
0,14,false
0,7,false
0,3,false
1,4,true
6,37,true
0,2,false
0,16,false
0,1,false
1,45,false
1,7,true
0,2,false
8,176,false
1,23,false
1,50,false
0,2,false
3,22,true
1,4,true
0,14,false
2,8,true
42,871,false
8,228,false
0,14,false
11,198,true
12,152,true
0,1,false
0,1,false
0,1,false
0,2,false
0,1,false
0,2,false
0,2,false
0,1,false
0,1,false
1,37,false
0,13,false
0,3,false
0,4,false
1,10,true
0,3,false
0,2,false
0,3,false
0,3,false
0,3,false
0,3,false
7,2216,false
0,18,false
12,157,true
1,6,true
1,17,true
0,1,false
1,13,true
0,11,false
0,13,false
0,2,false
0,1,false
7,111,true
0,2,false
0,6,false
0,1,false
0,1,false
0,1,false
0,1,false
0,1,false
0,1,false
2,55,false
5,20,true
0,2,false
0,1,false
0,96,false
0,2,false
0,2,false
0,1,false
1,47,false
1,29,false
1,31,false
0,1,false
12,288,false
0,1,false
15,234,true
0,1,false
0,2,false
2,76,false
5,66,true
9,404,false
8,170,false
2,126,false
2,36,true
2,27,true
39,215,true
0,24,false
1,33,false
0,8,false
0,1,false
0,29,false
0,1,false
0,7,false
4,18,true
0,2,false
0,1,false
0,1,false
0,6,false
0,1,false
0,1,false
0,48,false
0,5,false
0,34,false
0,18,false
0,2,false
0,1,false
0,2,false
0,73,false
0,3,false
0,1,false
6,47,true
0,1,false
3,6,true
0,205,false
0,122,false
0,11,false
0,5,false
0,8,false
0,1,false
4,78,true
0,1,false
8,74,true
0,2,false
20,166,true
2,3,true
0,1,false
0,37,false
0,4,false
0,1,false
30,349,true
0,1,false
0,1,false
0,1,false
0,1,false
0,3,false
0,2,false
0,2,false
0,3,false
0,1,false
0,1,false
0,2,false
0,1,false
0,1,false
3,40,true
0,1,false
0,2,false
38,576,true
0,8,false
0,1,false
0,54,false
25,1392,false
3,34,true
0,1,false
1,7,true
1,42,false
3,22,true
1,11,true
3,15,true
0,13,false
37,167,true
25,1161,false
0,3,false
4,8,true
0,81,false
11,156,true
0,2,false
1,14,true
0,12,false
0,5,false
4,19,true
0,2,false
0,1,false
0,3,false
0,1,false
1,23,false
33,1728,false
0,39,false
0,13,false
0,2,false
0,3,false
3,97,false
0,39,false
0,2,false
0,2,false
6,252,false
4,21,true
0,7,false
0,3,false
0,4,false
0,1,false
0,2,false
4,53,true
4,23,true
2,120,false
2,6,true
6,146,false
3,76,false
0,6,false
55,233,true
0,39,false
7,305,false
0,1,false
0,9,false
1,4,true
0,1,false
2,28,true
0,3,false
1,5,true
1,15,true
1,1,true
1,1,true
17,172,true
3,12,true
4,69,true
31,584,true
0,1,false
0,1,false
24,141,true
0,2,false
0,3,false
0,2,false
0,21,false
0,1,false
2,46,false
0,5,false
1,68,false
0,12,false
13,111,true
0,3,false
0,2,false
0,4,false
0,1,false
1,38,false
1,1,true
0,1,false
0,3,false
0,3,false
0,33,false
0,3,false
0,3,false
0,1,false
4,36,true
1,72,false
0,1,false
0,7,false
0,1,false
0,2,false
0,3,false
1,5,true
0,4,false
12,214,true
0,7,false
9,163,true
2,26,true
0,7,false
0,7,false
24,260,true
0,15,false
5,156,false
0,1,false
0,51,false
1,1049,false
6,139,false
5,111,false
0,18,false
10,122,true
0,37,false
4,150,false
0,4,false
1,61,false
1,12,true
2,4,true
0,20,false
41,107,true
0,2,false
80,1669,false
55,943,true
0,2,false
23,210,true
14,52,true
0,7,false
0,46,false
0,3,false
0,4,false
0,1,false
0,2,false
48,180,true
0,129,false
7,29,true
0,16,false
1,8,true
0,1,false
0,2,false
2,17,true
0,2,false
1,1,true
0,59,false
0,1,false
0,5,false
0,12,false
0,1,false
38,411,true
0,3,false
1,8,true
0,2,false
1,3,true
6,39,true
0,17,false
4,13,true
0,1,false
0,99,false
3,75,false
0,90,false
1,5,true
8,235,false
18,128,true
3,60,true
24,57,true
0,51,false
3,146,false
4,70,true
4,42,true
2,106,false
0,16,false
0,1,false
1,1,true
1,1,true
1,4,true
4,53,true
0,29,false
0,1,false
0,25,false
2,4,true
5,36,true
30,254,true
7,150,false
0,4,false
1,48,false
46,620,true
4,7,true
0,17,false
0,1,false
8,61,true
1,1,true
1,8,true
40,1221,false
0,2,false
7,55,true
122,1806,true
1,2,true
35,237,true
0,1,false
1,6,true
2,10,true
0,7,false
3,40,true
0,2,false
0,8,false
0,3,false
0,1,false
1,18,true
0,6,false
0,154,false
0,34,false
0,3,false
0,1,false
15,2258,false
0,2,false
1,18,true
0,4,false
2,49,false
2,16,true
13,342,false
0,4,false
0,12,false
3,10,true
2,10,true
2,40,true
1,30,false
0,3,false
2,23,true
0,1,false
0,2,false
5,60,true
0,15,false
0,1,false
0,11,false
1,1,true
0,14,false
1,12,true
0,45,false
2,6,true
2,15,true
10,1049,false
0,37,false
9,401,false
8,115,true
0,17,false
0,1,false
0,1,false
5,382,false
0,4,false
0,12,false
0,3,false
0,22,false
0,2,false
3,33,true
4,458,false
0,2,false
0,117,false
0,2,false
0,1,false
0,1,false
0,11,false
0,12,false
0,3,false
0,2,false
0,13,false
0,1,false
0,264,false
0,5,false
0,2,false
0,20,false
3,14,true
3,111,false
34,1877,false
0,35,false
3,28,true
0,3,false
15,235,true
30,232,true
0,25,false
1,8,true
0,14,false
8,70,true
2,62,false
0,2,false
7,165,false
0,5,false
7,45,true
0,3,false
0,5,false
0,235,false
0,1,false
1,20,true
17,250,true
2,10,true
0,10,false
0,1,false
0,5,false
0,228,false
4,98,false
22,215,true
0,2,false
0,4,false
0,13,false
0,2,false
0,3,false
0,1,false
0,2,false
0,1,false
0,4,false
0,3,false
0,1,false
0,1,false
0,18,false
0,7,false
0,21,false
1,26,false
1,18,true
10,349,false
0,15,false
1,59,false
3,100,false
1,85,false
0,6,false
0,2,false
0,1,false
0,3,false
0,56,false
0,5,false
0,20,false
0,4,false
0,4,false
0,4,false
5,925,false
1,1513,false
0,1,false
0,5,false
0,6,false
0,173,false
0,4,false
0,4,false
0,7,false
0,1,false
0,1,false
0,2,false
0,5,false
4,58,true
0,2,false
0,11,false
0,1,false
0,1,false
0,3,false
0,3,false
0,1,false
0,1,false
0,3,false
0,2,false
0,1,false
0,6,false
0,9,false
0,61,false
0,1,false
0,1,false
0,2,false
0,1,false
0,6,false
0,4,false
2,54,false
1,2,true
3,7,true
0,15,false
0,1,false
1,13,true
1,43,false
14,677,false
6,52,true
2,335,false
21,177,true
1,54,false
5,45,true
128,1182,true
51,715,true
0,3,false
0,32,false
41,700,true
0,11,false
0,31,false
0,4,false
87,939,true
18,305,true
0,15,false
0,21,false
7,309,false
0,6,false
1,13,true
0,3,false
0,2,false
3,20,true
0,5,false
5,109,false
0,3,false
19,1626,false
0,5,false
3,83,false
0,84,false
0,112,false
88,461,true
196,4669,false
1,105,false
171,746,true
3,222,false
21,1260,false
2,357,false
49,450,true
18,277,true
10,56,true
9,225,false
2,18,true
0,5,false
0,1,false
1,17,true
0,224,false
2,107,false
0,100,false
1,43,false
0,16,false
30,705,false
0,91,false
1,60,false
13,457,false
4,199,false
3,168,false
8,190,false
17,80,true
13,206,true
8,239,false
1,4,true
0,13,false
0,9,false
0,7,false
0,10,false
2,44,false
0,1,false
0,3,false
0,1,false
0,2,false
2,5,true
61,604,true
21,125,true
79,764,true
0,1,false
0,1,false
1,25,false
0,2,false
1,17,true
0,10,false
1,19,true
0,7,false
0,4,false
0,2,false
0,3,false
0,1,false
13,213,true
0,1,false
2,17,true
0,1,false
2,16,true
0,17,false
0,1,false
1,3,true
0,3,false
0,21,false
0,1,false
0,1,false
0,129,false
0,15,false
0,5,false
2,11,true
0,3,false
0,2,false
0,20,false
0,1,false
1,1,true
0,61,false
0,2,false
0,11,false
0,1,false
1,4,true
0,1,false
0,2,false
0,2,false
0,1,false
0,3,false
0,2,false
0,2,false
0,37,false
0,1,false
0,12,false
0,5,false
0,1,false
0,1,false
0,21,false
2,114,false
0,8,false
0,7,false
0,18,false
0,7,false
40,708,true
0,5,false
0,16,false
0,1,false
0,22,false
0,17,false
0,14,false
0,86,false
0,1,false
0,2,false
8,128,true
5,171,false
0,3,false
0,3,false
1,7,true
0,1,false
0,5,false
2,25,true
0,14,false
0,1,false
0,1,false
1,44,false
0,12,false
1,11,true
1,83,false
2,24,true
6,218,false
2,24,true
0,71,false
0,1,false
4,201,false
0,1,false
0,4,false
13,539,false
0,122,false
0,13,false
0,1,false
0,1,false
0,4,false
0,1,false
0,1,false
0,63,false
1,47,false
2,12,true
0,3,false
0,7,false
0,1,false
0,3,false
0,3,false
0,1,false
0,1,false
0,1,false
0,8,false
0,1,false
0,2,false
1,7,true
0,5,false
0,1,false
0,1,false
0,1,false
0,1,false
0,1,false
0,1,false
0,2,false
0,3,false
0,112,false
0,27,false
0,2,false
0,3,false
0,4,false
1,5,true
0,14,false
0,2,false
0,1,false
0,1,false
0,3,false
0,2,false
0,49,false
0,22,false
0,10,false
0,3,false
4,103,false
0,1,false
0,3,false
0,10,false
0,4,false
0,2,false
0,1,false
0,8,false
6,231,false
1,4,true
0,7,false
5,77,true
0,1,false
0,3,false
2,6,true
45,1329,false
19,93,true
3,92,false
0,3,false
1,4,true
6,77,true
1,48,false
0,2,false
0,5,false
0,4,false
0,1,false
2,11,true
1,7,true
0,2,false
3,88,false
87,904,true
1,68,false
1,8,true
0,10,false
0,5,false
5,52,true
4,209,false
0,1,false
0,2,false
0,3,false
0,1,false
0,1,false
0,8,false
0,7,false
2,96,false
0,3,false
0,14,false
1,4,true
0,5,false
0,1,false
5,84,true
21,221,true
3,17,true
1,7,true
1,30,false
1,18,true
0,3,false
0,14,false
2,17,true
0,1,false
0,10,false
8,365,false
1,7,true
29,226,true
5,79,true
1,14,true
0,1,false
0,5,false
0,1,false
2,12,true
0,4,false
0,10,false
0,9,false
12,145,true
0,14,false
1,14,true
5,196,false
27,406,true
0,4,false
4,20,true
1,59,false
21,320,true
0,1,false
2,29,true
9,106,true
1,22,false
0,7,false
0,17,false
0,3,false
3,41,true
3,107,false
5,98,true
0,4,false
0,36,false
56,358,true
0,2,false
2,38,true
47,667,true
17,1594,false
6,112,true
29,321,true
0,55,false
1,23,false
0,1,false
2,56,false
5,80,true
0,11,false
0,2,false
1,10,true
3,100,false
0,50,false
3,189,false
0,3,false
0,6,false
2,90,false
0,6,false
0,3,false
0,16,false
0,1,false
0,1,false
0,1,false
0,1,false
0,1,false
0,1,false
1,51,false
0,4,false
0,5,false
0,3,false
11,136,true
36,284,true
172,661,true
2,30,true
0,9,false
16,368,false
0,1,false
2,2,true
0,3,false
11,247,false
0,3,false
5,451,false
0,2,false
0,109,false
6,221,false
8,178,false
18,99,true
7,39,true
34,158,true
10,39,true
3,30,true
39,126,true
0,2,false
1,11,true
0,4,false
0,9,false
9,196,false
2,40,true
5,114,false
0,30,false
0,25,false
5,139,false
1,4,true
0,13,false
0,3,false
12,349,false
0,8,false
