Drug_id	Ingredient_id
1	1
2	2
3	3
2469	3
4	4
138	4
4558	4
94478	4
6	5
7	6
244398	6
10	8
185	8
545	8
1145	8
1547	8
2132	8
4249	8
34035	8
11	9
10052	9
13	10
39814	10
244862	10
13	11
382	11
1034	11
6848	11
8046	11
12656	11
244862	11
351187	11
15	12
16	13
17	14
1315	14
15134	14
35393	14
50656	14
149775	14
154623	14
174216	14
314962	14
352874	14
354525	14
17	15
235	15
1840	15
2645	15
2708	15
7428	15
10518	15
35393	15
96462	15
97729	15
125786	15
203721	15
246885	15
314645	15
350073	15
18	16
19	17
20	18
247540	18
22	20
46	20
68	20
101	20
1986	20
7428	20
54107	20
185611	20
197889	20
246961	20
25	21
8971	21
59110	21
99013	21
25	22
25577	22
59110	22
186244	22
324995	22
362382	22
370026	22
26	23
27	24
33	27
36	29
37	30
839	30
352028	30
38	31
211	31
41	32
581	32
1828	32
2423	32
5079	32
5125	32
6674	32
7857	32
8611	32
10984	32
13912	32
16422	32
30027	32
171518	32
243962	32
244532	32
248509	32
352651	32
43	33
14552	33
94776	33
45	35
4244	35
47	37
47	38
246014	38
49	39
52	41
80	41
171	41
245537	41
57	45
58	46
7581	46
100425	46
63	50
366	50
648	50
1711	50
64	51
69	55
5125	55
70	56
3403	56
244822	56
247680	56
74	58
308	58
1010	58
2887	58
3392	58
51291	58
130134	58
158800	58
245218	58
349995	58
77	61
77	62
78	63
79	64
83	68
85	69
86	70
328	70
5637	70
14784	70
30189	70
128449	70
249543	70
322121	70
89	72
90	73
91	74
92	75
324995	75
97	80
106	80
4525	80
7846	80
12387	80
20195	80
246484	80
98	81
92985	81
104	84
2925	84
3379	84
37902	84
150095	84
176948	84
350045	84
106	85
297	85
156658	85
107	87
581	87
6674	87
108	88
109	89
112	91
9532	91
114	93
115	94
12169	94
120	96
122	98
123	99
125	100
126	101
127	102
130	104
284308	104
131	105
139	110
141	112
10340	112
243975	112
142	113
1828	113
145	115
246446	115
147	116
148	117
663	117
149	118
151	120
156	124
157	125
4537	125
121047	125
157	126
158	127
34047	127
163	130
41819	130
141548	130
174	139
3448	139
3872	139
12047	139
28964	139
103714	139
249132	139
249145	139
280896	139
326614	139
354418	139
367094	139
174	140
1844	140
28964	140
246538	140
282504	140
317019	140
174	141
246538	141
282504	141
175	142
4236	142
176	143
181	147
264	147
188	154
200	165
6174	165
53261	165
120155	165
200	166
6174	166
53261	166
120155	166
357160	166
201	167
27193	167
91777	167
201	168
8283	168
206	171
13179	171
38649	171
96892	171
107350	171
110498	171
243871	171
245858	171
281633	171
206	172
1270	172
22126	172
208	175
767	175
892	175
6590	175
8602	175
159900	175
282091	175
316208	175
209	176
4923	176
6293	176
219	182
675	182
1110	182
2942	182
9104	182
9910	182
12826	182
17927	182
21112	182
22741	182
91047	182
91488	182
92202	182
101260	182
107632	182
114575	182
116563	182
117168	182
130181	182
139496	182
141814	182
145427	182
174712	182
178460	182
182778	182
189785	182
200336	182
202836	182
243710	182
246258	182
246611	182
247782	182
249145	182
281040	182
281996	182
282535	182
283902	182
311455	182
313411	182
313778	182
316429	182
316642	182
318989	182
320291	182
323847	182
327038	182
328083	182
329491	182
351259	182
351905	182
356279	182
356655	182
234	195
237	197
13086	197
242	203
254	213
119251	213
257	216
259	218
267	225
273	229
249892	229
274	230
9011	230
276	231
1624	231
3408	231
5770	231
8283	231
12249	231
32533	231
54240	231
97072	231
99263	231
104354	231
174062	231
187950	231
248963	231
249145	231
280814	231
283024	231
324844	231
362363	231
276	232
1624	232
3408	232
12249	232
104354	232
280814	232
329107	232
276	233
3408	233
12249	233
280814	233
276	234
1624	234
3408	234
12249	234
46364	234
104354	234
280814	234
324844	234
362363	234
276	235
3408	235
12249	235
183559	235
187950	235
283024	235
363480	235
285	241
13880	241
286	242
293	248
297	253
9181	253
244273	253
329482	253
303	255
4378	255
57332	255
105164	255
170579	255
179244	255
244429	255
304	256
245551	256
281495	256
310	260
53796	260
315	268
318	271
320	273
6424	273
245353	273
322	275
244308	275
283243	275
325	276
246581	276
328	277
322121	277
330	280
4132	280
5709	280
98133	280
105541	280
183362	280
245554	280
336	282
1999	282
337	283
354106	283
348	290
356	295
675	295
3392	295
15784	295
21112	295
58784	295
91488	295
98133	295
116563	295
133037	295
160281	295
174712	295
193126	295
195697	295
243710	295
244068	295
245878	295
249145	295
319910	295
327390	295
351905	295
353853	295
359	298
4714	298
371	308
372	309
376	311
1500	311
109534	311
322978	311
378	312
41584	312
189784	312
245466	312
381	314
7955	314
20204	314
384	316
387	317
314664	317
388	318
4288	318
24119	318
388	319
958	319
1271	319
4779	319
6059	319
388	320
388	321
958	321
1271	321
2393	321
6059	321
389	322
319036	322
390	323
1764	323
392	324
410	324
5783	324
11316	324
245418	324
309498	324
393	325
395	327
6328	327
122014	327
176839	327
245554	327
282977	327
354717	327
395	328
950	328
3367	328
4029	328
6356	328
7007	328
13481	328
37038	328
43675	328
45971	328
126914	328
149899	328
162281	328
171435	328
185246	328
190051	328
196552	328
203294	328
244288	328
244407	328
245519	328
245743	328
245878	328
248855	328
321315	328
405	334
419	344
284556	344
433	355
434	356
2403	356
322466	356
438	359
43631	359
120056	359
314887	359
328266	359
348996	359
439	360
445	366
7857	366
113779	366
128034	366
286205	366
361236	366
448	368
22749	368
450	369
459	376
467	381
326806	381
472	384
478	388
484	394
11029	394
486	396
4558	396
117074	396
491	401
8676	401
177037	401
199974	401
323190	401
492	402
248419	402
499	409
501	410
4146	410
504	412
2947	412
3008	412
4383	412
8726	412
244924	412
513	416
1712	416
10066	416
53047	416
115364	416
285706	416
527	423
1909	423
2195	423
5012	423
5176	423
25795	423
127030	423
245436	423
247794	423
280821	423
318534	423
528	424
245055	424
247457	424
534	428
244334	428
244336	428
534	429
243709	429
244335	429
249033	429
249903	429
323243	429
539	435
3418	435
6566	435
9728	435
14372	435
18620	435
24598	435
39308	435
124358	435
175721	435
318639	435
350904	435
360752	435
553	448
557	451
13619	451
43426	451
245485	451
558	452
249807	452
567	458
3160	458
568	459
591	481
598	488
600	490
1288	490
2990	490
129074	490
135250	490
161555	490
199099	490
244501	490
249145	490
281756	490
601	491
611	498
1390	498
1615	498
2445	498
12247	498
28907	498
51560	498
104430	498
245479	498
286873	498
311914	498
357160	498
611	499
1500	499
54547	499
58606	499
93540	499
98133	499
104632	499
106495	499
141537	499
148912	499
171233	499
176784	499
208693	499
315527	499
321268	499
322978	499
351535	499
361350	499
369281	499
369727	499
614	502
3649	502
10096	502
159671	502
176014	502
246185	502
634	517
96251	517
245612	517
352636	517
635	518
643	524
1625	524
244927	524
645	525
656	533
1909	533
2195	533
248480	533
283956	533
656	534
1712	534
2195	534
10245	534
21025	534
25795	534
32600	534
35518	534
46757	534
53047	534
103246	534
104105	534
112682	534
138847	534
143628	534
161295	534
185219	534
245809	534
281603	534
282648	534
316132	534
316852	534
321265	534
321349	534
366008	534
688	561
18240	561
23490	561
245836	561
709	573
713	577
244864	577
245287	577
716	580
717	581
720	583
283675	583
754	606
138321	606
281588	606
758	609
1095	609
5176	609
25795	609
244520	609
281603	609
282648	609
774	622
1592	622
109484	622
245249	622
786	631
806	643
37531	643
841	675
358910	675
850	679
20737	679
249515	679
853	682
4440	682
5790	682
9902	682
11830	682
14798	682
283765	682
314227	682
322868	682
328160	682
853	683
7634	683
11830	683
114746	683
181554	683
314227	683
328160	683
871	696
906	723
918	731
920	733
48025	733
927	740
929	742
950	758
1110	758
9104	758
244407	758
245878	758
952	761
958	769
974	769
972	783
182421	783
247888	783
249831	783
985	795
92016	795
1000	808
11938	808
245266	808
1009	810
1010	810
1766	810
2990	810
37038	810
39726	810
45971	810
97720	810
101143	810
149268	810
149899	810
243710	810
318422	810
328083	810
1028	823
1081	870
10245	870
104105	870
185219	870
249262	870
1094	884
1095	885
1098	887
28265	887
1106	891
27249	891
1108	893
29376	893
1124	908
1127	909
314179	909
367854	909
1127	910
3547	910
314179	910
367854	910
1127	911
314179	911
367854	911
1133	916
1135	918
247014	918
1144	929
5434	929
1175	957
244665	957
283992	957
1185	964
1315	964
3167	964
4673	964
50656	964
97017	964
149775	964
154623	964
314962	964
354525	964
369982	964
1185	965
243970	965
244015	965
1190	970
1215	994
27168	994
250308	994
1219	997
2492	997
31963	997
246776	997
1229	1003
1256	1026
1262	1033
13075	1033
1270	1040
1328	1040
2383	1040
92399	1040
315154	1040
1287	1055
40024	1055
1308	1075
142150	1075
283765	1075
1313	1079
3300	1079
16688	1079
245870	1079
1313	1080
3300	1080
1313	1081
3300	1081
1313	1082
3300	1082
1325	1089
326375	1089
1326	1090
122311	1090
128668	1090
1326	1091
184285	1091
316363	1091
1333	1097
182383	1097
198729	1097
247128	1097
285142	1097
289843	1097
1345	1105
1348	1108
132542	1108
153901	1108
247480	1108
1348	1109
132542	1109
153901	1109
247480	1109
1348	1110
132542	1110
153901	1110
247480	1110
1366	1124
315966	1124
357562	1124
1367	1125
1390	1146
2445	1146
28907	1146
51560	1146
208442	1146
280528	1146
1390	1147
16814	1147
35399	1147
42998	1147
1398	1154
92049	1154
1421	1177
1849	1177
11530	1177
98133	1177
128251	1177
245983	1177
1422	1178
15570	1178
16554	1178
1441	1190
1442	1191
243808	1191
289593	1191
1443	1192
16964	1192
311061	1192
1450	1197
281880	1197
311532	1197
366008	1197
1463	1206
1467	1209
244868	1209
1471	1211
248123	1211
1482	1218
21035	1218
24866	1218
103766	1218
281488	1218
1484	1220
1488	1224
128794	1224
244589	1224
1513	1246
3746	1246
5914	1246
288325	1246
1513	1247
1516	1250
1553	1280
1560	1286
1562	1288
1562	1289
1564	1291
1589	1311
1595	1320
14214	1320
245050	1320
281088	1320
1615	1337
13581	1337
93023	1337
98649	1337
114249	1337
121825	1337
245479	1337
280528	1337
1618	1340
1620	1342
1624	1346
5770	1346
40530	1346
97072	1346
104354	1346
137594	1346
154134	1346
187950	1346
195750	1346
247517	1346
324844	1346
362363	1346
1624	1348
324844	1348
362363	1348
363305	1348
1624	1350
192614	1350
314887	1350
1657	1370
1663	1376
7668	1376
1665	1378
1665	1379
249145	1379
288518	1379
1675	1386
125938	1386
1677	1387
7075	1387
322191	1387
1700	1405
25143	1405
98658	1405
192255	1405
1700	1406
1821	1406
7239	1406
16602	1406
28465	1406
243966	1406
1730	1433
1734	1437
316852	1437
1735	1438
3472	1438
1738	1439
10081	1439
16669	1439
98488	1439
1754	1453
13772	1453
24306	1453
34548	1453
47484	1453
52326	1453
59062	1453
99308	1453
109410	1453
145791	1453
171132	1453
171140	1453
179397	1453
313588	1453
316531	1453
1754	1454
27193	1454
1754	1455
5354	1455
29928	1455
43631	1455
109484	1455
328266	1455
1754	1456
1756	1458
1764	1464
1772	1470
127030	1470
138847	1470
288218	1470
1776	1474
1791	1487
281265	1487
1802	1497
180051	1497
1836	1528
1836	1529
364369	1529
1844	1535
1890	1535
3065	1535
16253	1535
29328	1535
33129	1535
1850	1539
34945	1539
94752	1539
178415	1539
326743	1539
1852	1540
1870	1554
1878	1561
106190	1561
1892	1575
4462	1575
18115	1575
310844	1575
1892	1576
4462	1576
6002	1576
18115	1576
1944	1617
310992	1617
1961	1632
35518	1632
247858	1632
321349	1632
1965	1635
1995	1657
2032	1694
6882	1694
30189	1694
128449	1694
2045	1707
2045	1708
21977	1708
142851	1708
171429	1708
177580	1708
2045	1709
6120	1709
15698	1709
142851	1709
177580	1709
285118	1709
290091	1709
351483	1709
2070	1729
2071	1730
2073	1736
3273	1736
2089	1747
2096	1751
2107	1761
142475	1761
161872	1761
2128	1779
2138	1789
8803	1789
47738	1789
281855	1789
282371	1789
285606	1789
367309	1789
2182	1820
2200	1836
2445	1836
14495	1836
28907	1836
35399	1836
49030	1836
51560	1836
204089	1836
209990	1836
250219	1836
2200	1837
250219	1837
2216	1852
2222	1857
2271	1899
2271	1900
2271	1901
2271	1902
2271	1903
2316	1936
245553	1936
2322	1942
50521	1942
92576	1942
139253	1942
2347	1962
2564	1962
14509	1962
2353	1967
9346	1967
11763	1967
17576	1967
94675	1967
169334	1967
286965	1967
349794	1967
2438	2036
3528	2036
15749	2036
42307	2036
50478	2036
123990	2036
163674	2036
362796	2036
2452	2051
2458	2055
32044	2055
243864	2055
249163	2055
326896	2055
2484	2076
2489	2078
23303	2078
40628	2078
2511	2093
8278	2093
2517	2098
123912	2098
132342	2098
2571	2141
28706	2141
2600	2161
8776	2161
2643	2203
142504	2203
2643	2204
40759	2204
41623	2204
2643	2205
2643	2206
12582	2206
2671	2233
2682	2243
5741	2243
2703	2261
2942	2261
9001	2261
39726	2261
94443	2261
141433	2261
170754	2261
280534	2261
323336	2261
2716	2268
188781	2268
2737	2282
172482	2282
2746	2290
2942	2290
9070	2290
9910	2290
17927	2290
21112	2290
29325	2290
33040	2290
46673	2290
92322	2290
101143	2290
112248	2290
112502	2290
129556	2290
138544	2290
143624	2290
175509	2290
182778	2290
183974	2290
198537	2290
203203	2290
243710	2290
247782	2290
281996	2290
287531	2290
328083	2290
351259	2290
364676	2290
365827	2290
2751	2294
6337	2294
248163	2294
2757	2300
105624	2300
281524	2300
2763	2305
2775	2316
38218	2316
151393	2316
289301	2316
2778	2320
44177	2320
287030	2320
2797	2339
2815	2351
2818	2354
3691	2354
16288	2354
94478	2354
2874	2392
2887	2401
4055	2401
5082	2401
246274	2401
326058	2401
2893	2406
10984	2406
2900	2412
2901	2413
249442	2413
310491	2413
2925	2433
15200	2433
2942	2445
9070	2445
9910	2445
21112	2445
25516	2445
27440	2445
29325	2445
33040	2445
46673	2445
91920	2445
92322	2445
93771	2445
94752	2445
112248	2445
112502	2445
116563	2445
127872	2445
129556	2445
138544	2445
141814	2445
145427	2445
183974	2445
185920	2445
189785	2445
198537	2445
200336	2445
203203	2445
246762	2445
281996	2445
311923	2445
324841	2445
327038	2445
351259	2445
364676	2445
365827	2445
2942	2446
9910	2446
24637	2446
34352	2446
43976	2446
90893	2446
164479	2446
176618	2446
2942	2449
6356	2449
11403	2449
17927	2449
21112	2449
52180	2449
91920	2449
98133	2449
102015	2449
108148	2449
116563	2449
138544	2449
141814	2449
145427	2449
171435	2449
174712	2449
178460	2449
178645	2449
182778	2449
189785	2449
198537	2449
203203	2449
247782	2449
248855	2449
281996	2449
286873	2449
287089	2449
310917	2449
311455	2449
311914	2449
313232	2449
327038	2449
351259	2449
351905	2449
365827	2449
2974	2479
3000	2499
108665	2499
3031	2524
364891	2524
3040	2532
8611	2532
3049	2540
3065	2555
7466	2555
31330	2555
33129	2555
46602	2555
98133	2555
112183	2555
367094	2555
3065	2556
7466	2556
31330	2556
33129	2556
46602	2556
49466	2556
93996	2556
98133	2556
117479	2556
190412	2556
364404	2556
367094	2556
3089	2574
35719	2574
118911	2574
122014	2574
159933	2574
208693	2574
244269	2574
312796	2574
315527	2574
321268	2574
3096	2579
3187	2579
13772	2579
16440	2579
24306	2579
30052	2579
34548	2579
37275	2579
42636	2579
47484	2579
52326	2579
59062	2579
98133	2579
99308	2579
107254	2579
109410	2579
114222	2579
129564	2579
145791	2579
157454	2579
171132	2579
171140	2579
248591	2579
310614	2579
312210	2579
312725	2579
313588	2579
313732	2579
314233	2579
314576	2579
314728	2579
315705	2579
315963	2579
316531	2579
324014	2579
328878	2579
357401	2579
367849	2579
3096	2580
3187	2580
13772	2580
24306	2580
30052	2580
34548	2580
37275	2580
42636	2580
47484	2580
59062	2580
107254	2580
109410	2580
114222	2580
129564	2580
145791	2580
248591	2580
310614	2580
312210	2580
312725	2580
313732	2580
314233	2580
314576	2580
314728	2580
315963	2580
316531	2580
324014	2580
326435	2580
328878	2580
357401	2580
367849	2580
3096	2581
3187	2581
13772	2581
30052	2581
37275	2581
42636	2581
47484	2581
52326	2581
98133	2581
107254	2581
114222	2581
129564	2581
157454	2581
171132	2581
171140	2581
248591	2581
249145	2581
310614	2581
312210	2581
312725	2581
313732	2581
314233	2581
314576	2581
314728	2581
315705	2581
315963	2581
316531	2581
324014	2581
328878	2581
357401	2581
367849	2581
3096	2582
3187	2582
13772	2582
16440	2582
30052	2582
34548	2582
37275	2582
42636	2582
47484	2582
52326	2582
59062	2582
98133	2582
107254	2582
114222	2582
129564	2582
157454	2582
168565	2582
171132	2582
248591	2582
249145	2582
310614	2582
312210	2582
312725	2582
313732	2582
314233	2582
314576	2582
314728	2582
315705	2582
315963	2582
324014	2582
326435	2582
328878	2582
357401	2582
367849	2582
3096	2583
3187	2583
13772	2583
16440	2583
24306	2583
30052	2583
37275	2583
42636	2583
47484	2583
52326	2583
59062	2583
98133	2583
107254	2583
114222	2583
129564	2583
145791	2583
157454	2583
168565	2583
171132	2583
248591	2583
249145	2583
310614	2583
312210	2583
312725	2583
313732	2583
314233	2583
314576	2583
314728	2583
315705	2583
315963	2583
316531	2583
324014	2583
326435	2583
328878	2583
357401	2583
367849	2583
3125	2606
16084	2606
41672	2606
115161	2606
283779	2606
3125	2607
16084	2607
41672	2607
115161	2607
3159	2635
245050	2635
245861	2635
286367	2635
3167	2641
4673	2641
3178	2648
3185	2653
243976	2653
3215	2684
3219	2688
3240	2708
21624	2708
329683	2708
3275	2736
317813	2736
3276	2737
23432	2737
138835	2737
184443	2737
3310	2776
3472	2776
7876	2776
14798	2776
16278	2776
19246	2776
3381	2830
243996	2830
3387	2835
116812	2835
147697	2835
3393	2840
3430	2872
10994	2872
3467	2903
3483	2918
3483	2919
7483	2919
3522	2950
3543	2969
21025	2969
47464	2969
103246	2969
244846	2969
3629	3043
20511	3043
22879	3043
96698	3043
154992	3043
181903	3043
363654	3043
3634	3048
248229	3048
3637	3050
4288	3050
3641	3056
3680	3079
3691	3090
29928	3090
43631	3090
318977	3090
3691	3092
43631	3092
120056	3092
328266	3092
348996	3092
3691	3093
29928	3093
120056	3093
132748	3093
328266	3093
348996	3093
3691	3094
43631	3094
3691	3095
43631	3095
3691	3096
43631	3096
3691	3097
3691	3098
5354	3098
3700	3106
10042	3106
246712	3106
3704	3109
3834	3109
12406	3109
20806	3109
111584	3109
3711	3115
3714	3118
284074	3118
351814	3118
3741	3140
3805	3170
3809	3172
3832	3195
246024	3195
3846	3208
46443	3208
55262	3208
57421	3208
90385	3208
92009	3208
92632	3208
93162	3208
98133	3208
99181	3208
100446	3208
104565	3208
106446	3208
143182	3208
166983	3208
170764	3208
173710	3208
179402	3208
198813	3208
202858	3208
209233	3208
312059	3208
3855	3213
5337	3213
3878	3223
245322	3223
3936	3261
4167	3261
90657	3261
3944	3267
27252	3267
45543	3267
50814	3267
54513	3267
96076	3267
98517	3267
122747	3267
142463	3267
171768	3267
192387	3267
286061	3267
322267	3267
325679	3267
3970	3290
51385	3290
3986	3304
249422	3304
3996	3312
97447	3312
198484	3312
3996	3313
4055	3352
246274	3352
4085	3383
4132	3418
183362	3418
4156	3435
16245	3435
95337	3435
110815	3435
4160	3438
314887	3438
4162	3440
4191	3470
53440	3470
4267	3539
10112	3539
49627	3539
4267	3540
4281	3551
4359	3624
4370	3631
57102	3631
92622	3631
244289	3631
249145	3631
329377	3631
4370	3632
12640	3632
127259	3632
153289	3632
195521	3632
249098	3632
4488	3727
19799	3727
95738	3727
244705	3727
4572	3802
103049	3802
246708	3802
4587	3817
356409	3817
4642	3871
328266	3871
4772	3981
4787	3995
4881	4066
4891	4075
29928	4075
4891	4076
15943	4076
29928	4076
120056	4076
328266	4076
348996	4076
4891	4077
19771	4077
29928	4077
172671	4077
4891	4078
4891	4079
29928	4079
43631	4079
120056	4079
312059	4079
328266	4079
348996	4079
4898	4085
51350	4085
98133	4085
157538	4085
161754	4085
168565	4085
176784	4085
318084	4085
4923	4115
4940	4133
34451	4133
204452	4133
4984	4167
5016	4188
8802	4188
289277	4188
5061	4229
5067	4234
42544	4234
183730	4234
5149	4302
5160	4311
143127	4311
244432	4311
244692	4311
312016	4311
5337	4467
10613	4467
93083	4467
310646	4467
5394	4510
40019	4510
5448	4562
21955	4562
5480	4589
12658	4589
244331	4589
5516	4633
46988	4633
5571	4682
57332	4682
5632	4737
7238	4737
21112	4737
21864	4737
22041	4737
40316	4737
98133	4737
98811	4737
108495	4737
108943	4737
115998	4737
133306	4737
141537	4737
147829	4737
205746	4737
248963	4737
280914	4737
285118	4737
290091	4737
310663	4737
312059	4737
327226	4737
351483	4737
358838	4737
370294	4737
5689	4783
5749	4833
281395	4833
318304	4833
5762	4844
5770	4852
7320	4852
97072	4852
104354	4852
249145	4852
318417	4852
321008	4852
5770	4853
97072	4853
128212	4853
187015	4853
244960	4853
356866	4853
5811	4890
5826	4905
9657	4905
10424	4905
246707	4905
5838	4915
5932	4992
5971	5025
24119	5025
5974	5027
33708	5027
5996	5045
12826	5045
22741	5045
162281	5045
246258	5045
284349	5045
313778	5045
316429	5045
6001	5049
6005	5052
244197	5052
6059	5107
10710	5107
6102	5150
104354	5150
6102	5151
104354	5151
6102	5152
316457	5152
348996	5152
6120	5165
351483	5165
6120	5166
17628	5166
112793	5166
171437	5166
285118	5166
290091	5166
351483	5166
6173	5216
287094	5216
321772	5216
6204	5247
6212	5254
6293	5323
19148	5323
249235	5323
287343	5323
6341	5365
6425	5433
6438	5446
6438	5447
6520	5519
356409	5519
6618	5597
7211	5597
285434	5597
315135	5597
351826	5597
6633	5613
286076	5613
6724	5698
6778	5755
112107	5755
6778	5756
6874	5838
6963	5913
6984	5930
173876	5930
7013	5964
7051	6004
7068	6016
7095	6038
7104	6046
7120	6060
10682	6060
16814	6060
23046	6060
42998	6060
250219	6060
280528	6060
7174	6112
24100	6112
315527	6112
7240	6172
7320	6242
28771	6242
163092	6242
246175	6242
7324	6246
8408	6246
130655	6246
7349	6266
35159	6266
172037	6266
7364	6282
7429	6335
13888	6335
7466	6370
46602	6370
93996	6370
98133	6370
117479	6370
367094	6370
7484	6385
247342	6385
7499	6394
7536	6429
7578	6468
7659	6531
7661	6532
7712	6575
7753	6612
7808	6658
208875	6658
7829	6676
245168	6676
7838	6688
10659	6688
7872	6717
7905	6754
280894	6754
321940	6754
7998	6825
27380	6825
7998	6826
8053	6871
8053	6872
361088	6872
8053	6873
361088	6873
8146	6961
8185	6996
8187	6998
8208	7027
8283	7084
8283	7086
33708	7086
104354	7086
353853	7086
8283	7087
8283	7088
8283	7089
33708	7089
316576	7089
8283	7090
104354	7090
8283	7091
8283	7092
316576	7092
8283	7094
8283	7095
365827	7095
8283	7096
33708	7096
104354	7096
8283	7097
23490	7097
33708	7097
8283	7098
8286	7101
8549	7318
9684	7318
14505	7318
15030	7318
98317	7318
8633	7403
38803	7403
245532	7403
8665	7425
8666	7426
25276	7426
352684	7426
8678	7437
8678	7438
8724	7478
8764	7510
8777	7518
287792	7518
8802	7541
171641	7541
289277	7541
8803	7543
245285	7543
285606	7543
316081	7543
367309	7543
8803	7544
281855	7544
283642	7544
8811	7552
8900	7628
15770	7628
37902	7628
176948	7628
8910	7635
324828	7635
8932	7654
9000	7710
92880	7710
97017	7710
146112	7710
352874	7710
369982	7710
9000	7711
9046	7750
11448	7750
43127	7750
9055	7758
9096	7795
9380	8036
9416	8066
150410	8066
9416	8067
57452	8067
150410	8067
285449	8067
9435	8081
311914	8081
320251	8081
9435	8082
133215	8082
310411	8082
311914	8082
312172	8082
313256	8082
9633	8245
9703	8303
111804	8303
9718	8318
9731	8335
19016	8335
9743	8345
250011	8345
9747	8349
9765	8362
12210	8362
9768	8364
22174	8364
9792	8385
9840	8424
9858	8439
115789	8439
9910	8493
15943	8493
25516	8493
116563	8493
129260	8493
141814	8493
281996	8493
327038	8493
353853	8493
9910	8494
316576	8494
9910	8497
9910	8500
97976	8500
108495	8500
244068	8500
9910	8501
15784	8501
98133	8501
108495	8501
111100	8501
244068	8501
249145	8501
9910	8502
97976	8502
108495	8502
352971	8502
9970	8552
10017	8594
16557	8594
10052	8620
15216	8620
10091	8655
91386	8655
10123	8677
249091	8677
9817	8683
10133	8683
10391	8902
10391	8903
38248	8903
10545	9038
319991	9038
354018	9038
10602	9088
10613	9097
24964	9097
282550	9097
10682	9163
10794	9260
10889	9345
10889	9346
33707	9346
38966	9346
10890	9347
10895	9353
11082	9511
11309	9704
11315	9709
11332	9722
170934	9722
11403	9783
11431	9814
286540	9814
11444	9828
280459	9828
11518	9896
11549	9920
11594	9963
247795	9963
11801	10152
14553	10152
29928	10152
30077	10152
34479	10152
35129	10152
51350	10152
51580	10152
111161	10152
121306	10152
122377	10152
157538	10152
161754	10152
162342	10152
181065	10152
194410	10152
198264	10152
199763	10152
248013	10152
249145	10152
249442	10152
357731	10152
364732	10152
12057	10371
12247	10540
35399	10540
37747	10540
208442	10540
12367	10660
96245	10660
12368	10661
12464	10744
28725	10744
117370	10744
12640	10893
12656	10907
35245	10907
53771	10907
129958	10907
313493	10907
12661	10911
12661	10912
12743	10988
13165	11349
13269	11442
45299	11442
117168	11442
244964	11442
245256	11442
246611	11442
310717	11442
316642	11442
13299	11466
13378	11537
317347	11537
13395	11549
20148	11549
208386	11549
13421	11568
13427	11578
13450	11599
13543	11676
13545	11678
197484	11678
370331	11678
13583	11715
13745	11855
13813	11919
150526	11919
13892	11990
247780	11990
13912	12001
97607	12001
99697	12001
243962	12001
310626	12001
13991	12068
13991	12069
35581	12069
13991	12070
14036	12113
45046	12113
14102	12175
18832	12175
110191	12175
14166	12240
14174	12245
24187	12245
14181	12250
14377	12425
14377	12426
14378	12427
131250	12427
14509	12532
34326	12532
111477	12532
14545	12565
24396	12565
170911	12565
14672	12678
18696	12678
14785	12775
14803	12792
16071	12792
17686	12792
34548	12792
35992	12792
51560	12792
54547	12792
90459	12792
93540	12792
106495	12792
120512	12792
280528	12792
286873	12792
367944	12792
14898	12871
14909	12879
14954	12916
103429	12916
15154	13116
15161	13123
15539	13450
174289	13450
15698	13592
16057	13911
16071	13925
17686	13925
35992	13925
51560	13925
280528	13925
311914	13925
16189	14023
19938	14023
94760	14023
96201	14023
100552	14023
111095	14023
162689	14023
315819	14023
16345	14171
244937	14171
323845	14171
16397	14211
16591	14381
16770	14541
16878	14636
16942	14693
163663	14693
283215	14693
319401	14693
16946	14695
17051	14793
17182	14920
17723	15429
17795	15495
31842	15495
17796	15496
18319	15981
176354	15981
18534	16171
206582	16171
18629	16261
43657	16261
19040	16611
29817	16611
143628	16611
314173	16611
321265	16611
19442	16970
280468	16970
19487	17013
130453	17013
19694	17198
112608	17198
134530	17198
248013	17198
19796	17287
175812	17287
244491	17287
19813	17306
44346	17306
20319	17782
20482	17930
20531	17966
20683	18135
20737	18180
281552	18180
316057	18180
21026	18444
21047	18461
21803	18461
21112	18509
93771	18509
21608	18905
21749	19017
245218	19017
313097	19017
21955	19190
21955	19192
321008	19192
22041	19260
98811	19260
115998	19260
147829	19260
206278	19260
310663	19260
358838	19260
370294	19260
22041	19261
127872	19261
206278	19261
22041	19262
35990	19262
112846	19262
171123	19262
285118	19262
289547	19262
290091	19262
311754	19262
319563	19262
351483	19262
22047	19267
22080	19296
30394	19296
131637	19296
280794	19296
22139	19353
22312	19499
22382	19550
244670	19550
22401	19565
178821	19565
22604	19739
311942	19739
22830	19923
22925	20011
326244	20011
23012	20082
23050	20113
28029	20113
244170	20113
247974	20113
318183	20113
23251	20259
132896	20259
153466	20259
23251	20260
244269	20260
247017	20260
282535	20260
285156	20260
318989	20260
319327	20260
320077	20260
320291	20260
321008	20260
323988	20260
329491	20260
354978	20260
358662	20260
358781	20260
367301	20260
23300	20296
23490	20448
23490	20449
316208	20449
23490	20450
33708	20450
23490	20451
23490	20452
23490	20453
92080	20453
97718	20453
245454	20453
245646	20453
247893	20453
23490	20454
23490	20455
23490	20456
33708	20456
23773	20698
24169	21035
34746	21035
24274	21126
45543	21126
354165	21126
24426	21252
24453	21272
91250	21272
288878	21272
24453	21273
247213	21273
24530	21344
24962	21700
25012	21741
25159	21871
93929	21871
177301	21871
25299	21972
39287	21972
25299	21973
25537	22179
149797	22179
25577	22212
186244	22212
370026	22212
26080	22667
26080	22668
26151	22729
288243	22729
316259	22729
26327	22898
358177	22898
26742	23270
26841	23351
26846	23354
155339	23354
26875	23376
26955	23453
27161	23637
114570	23637
27193	23670
27243	23712
27252	23719
104453	23719
122747	23719
171768	23719
191390	23719
192387	23719
246923	23719
282962	23719
318351	23719
327304	23719
27440	23863
40325	23863
45971	23863
91047	23863
99788	23863
145427	23863
170849	23863
178460	23863
200336	23863
248855	23863
323988	23863
324841	23863
27747	24135
27774	24160
185462	24160
28175	24515
28268	24598
28577	24858
28721	24991
139991	24991
28721	24992
28725	24996
28933	25181
29134	25348
47484	25348
93540	25348
99308	25348
120512	25348
207789	25348
313588	25348
328266	25348
29349	25548
29730	25890
29803	25964
29928	26077
318084	26077
29928	26080
30059	26191
30077	26206
198264	26206
199763	26206
249145	26206
30178	26292
30210	26317
36281	26317
30380	26448
192388	26448
245894	26448
314954	26448
30402	26466
91555	26466
31280	27189
287578	27189
31321	27221
281047	27221
31330	27231
249145	27231
290091	27231
310663	27231
369461	27231
31330	27232
31643	27508
245436	27508
285184	27508
31691	27540
280896	27540
283148	27540
367094	27540
32068	27846
32230	27987
100145	27987
32600	28291
46757	28291
107292	28291
316132	28291
33037	28628
33266	28829
140623	28829
313074	28829
33266	28830
33333	28884
33399	28937
33399	28938
33708	29189
33708	29190
33708	29191
33708	29192
33708	29193
33708	29194
33708	29195
33708	29198
118430	29198
33708	29200
33708	29201
33708	29202
33708	29204
33708	29205
33708	29206
104354	29206
361478	29206
33708	29208
33708	29209
33708	29210
104354	29210
33708	29211
33708	29212
104354	29212
112803	29212
123953	29212
173276	29212
174062	29212
365827	29212
33788	29277
106438	29277
34038	29480
34135	29561
353853	29561
34326	29719
353856	29719
34804	30130
34888	30200
35367	30593
35399	30626
187400	30626
200962	30626
35530	30738
35530	30739
36125	31236
249261	31236
36640	31699
36640	31700
283209	31700
322518	31700
36935	31957
314918	31957
37368	32334
249097	32334
38434	33248
38802	33571
40078	34660
139253	34660
40316	34868
51580	34868
117654	34868
249145	34868
282771	34868
287519	34868
369461	34868
40524	35060
40626	35151
247081	35151
40759	35267
41020	35485
41330	35760
41408	35815
41588	35981
41623	36008
41644	36027
42538	36796
171140	36796
179397	36796
42974	37164
43236	37383
132488	37383
249145	37383
358628	37383
43362	37491
153289	37491
175878	37491
364680	37491
43428	37546
320024	37546
43631	37712
209981	37712
43631	37714
43631	37719
43845	37899
289134	37899
43976	38013
43976	38014
43976	38015
44665	38638
44754	38718
44754	38719
44776	38738
45181	39095
366551	39095
45249	39156
45965	39790
45999	39825
46158	39951
46339	40111
46569	40329
99258	40329
315216	40329
46602	40364
98133	40364
119325	40364
283148	40364
286873	40364
311914	40364
46602	40367
46681	40444
288244	40444
46723	40498
184766	40498
46846	40613
47374	41102
47392	41119
47466	41178
47468	41180
47468	41181
47830	41509
174062	41509
47830	41510
110839	41510
328266	41510
47830	41511
47830	41512
104354	41512
47830	41513
356587	41513
47830	41514
47972	41618
48645	42206
49030	42552
51560	42552
119088	42552
209990	42552
49466	42930
190412	42930
364404	42930
49749	43169
358670	43169
50283	43637
138727	43637
244333	43637
244599	43637
245593	43637
50712	44007
354426	44007
50992	44257
367681	44257
51304	44544
51488	44718
104354	44718
190896	44718
353853	44718
51560	44778
119088	44778
209990	44778
51787	44972
52199	45318
141617	45318
311255	45318
52547	45632
53108	46087
53397	46320
53397	46321
53564	46471
119169	46471
143543	46471
53948	46817
54240	47070
311914	47070
316748	47070
54240	47071
316748	47071
54971	47731
55762	48448
99762	48448
55915	48587
55915	48588
55915	48589
56494	49079
176842	49079
56694	49252
57123	49625
116804	49625
57332	49805
58174	50549
58319	50678
153866	50678
349450	50678
58964	51253
59977	52151
98175	52151
104453	52151
125597	52151
191390	52151
283577	52151
362823	52151
59977	52152
198399	52152
59977	52153
147742	52153
90361	77356
90409	77395
90436	77413
90475	77440
311769	77440
316027	77440
321422	77440
90618	77563
90677	77608
133949	77608
315683	77608
329377	77608
90761	77683
90973	77851
101260	77851
114575	77851
123952	77851
176233	77851
180497	77851
202836	77851
282535	77851
317466	77851
318639	77851
318989	77851
320291	77851
328083	77851
329491	77851
351905	77851
352153	77851
354978	77851
356655	77851
367301	77851
91120	77972
91653	78432
91717	78483
91762	78513
365283	78513
91900	78628
91920	78645
108148	78645
287089	78645
92155	78830
92596	79187
92622	79210
93606	79210
120512	79210
149238	79210
92719	79295
289841	79295
92790	79343
92884	79416
113766	79416
369281	79416
92884	79417
113766	79417
93112	79603
93212	79683
93223	79692
93248	79712
93536	79951
93536	79952
93540	79955
367944	79955
93604	80022
362733	80022
93711	80112
93801	80201
94013	80378
94424	80694
94482	80746
115836	80746
94986	81144
281211	81144
311719	81144
358899	81144
95006	81158
249123	81158
287061	81158
95035	81180
95642	81645
95718	81710
287455	81710
356409	81710
96186	82097
96186	82098
96186	82099
96186	82100
96797	82592
97062	82800
97072	82811
97482	83143
98058	83623
98058	83624
98133	83698
98133	83714
98133	83715
246854	83715
318084	83715
98360	83911
98922	84353
98930	84358
99215	84577
99739	85019
100024	85257
100321	85487
100374	85523
101260	86230
367301	86230
101682	86578
101863	86735
245747	86735
102014	86844
281457	86844
351272	86844
102268	87044
244163	87044
102736	87435
122014	87435
126071	87435
309606	87435
369281	87435
102852	87534
102852	87535
102852	87536
102852	87537
102852	87538
318639	87538
102852	87539
102852	87540
187950	87540
283024	87540
363480	87540
102852	87541
102852	87542
102852	87543
102852	87544
318639	87544
102852	87545
102852	87546
102852	87547
102852	87548
102852	87549
318639	87549
103290	87883
103692	88214
103867	88352
104149	88566
311145	88566
104354	88738
316576	88738
104354	88740
104354	88741
104354	88742
316576	88742
351535	88742
104354	88743
104354	88744
111537	88744
104354	88745
104354	88746
104354	88748
356587	88748
104354	88749
316576	88749
104354	88753
104354	88755
313896	88755
104354	88756
104354	88757
104354	88758
104354	88759
104354	88761
104354	88762
316576	88762
104354	88763
104354	88764
104354	88765
104354	88766
104354	88768
104354	88769
138561	88769
104354	88771
311914	88771
104354	88773
104354	88774
104354	88775
104354	88776
104354	88777
328266	88777
356587	88777
104354	88782
104354	88783
353853	88783
104479	88882
160788	88882
360737	88882
104716	89085
208472	89085
105044	89347
353065	89347
105250	89516
105542	89742
105712	89870
142206	89870
105754	89903
246835	89903
356889	89903
105934	90039
366419	90039
106326	90336
287155	90336
106469	90460
106783	90716
107073	90933
176327	90933
177363	90933
318084	90933
354740	90933
366548	90933
107337	91152
107424	91221
166376	91221
283270	91221
107527	91305
107620	91377
246541	91377
107670	91420
108422	92038
139914	92038
108495	92102
173276	92102
108495	92104
173276	92104
108495	92106
109099	92593
109317	92759
109571	92950
109601	92969
109664	93026
110251	93504
111048	94129
143624	94129
111708	94680
111867	94812
245263	94812
248888	94812
286289	94812
112372	95199
112453	95264
112682	95458
201751	95458
314990	95458
112846	95578
171123	95578
113048	95742
113140	95822
318368	95822
113480	96108
133156	96108
248163	96108
309987	96108
113556	96167
326391	96167
350952	96167
113766	96336
113779	96346
247283	96346
312400	96346
114040	96555
114214	96685
114363	96819
114743	97123
115358	97625
115534	97773
180472	97773
115591	97820
183559	97820
247310	97820
117074	99029
243993	99029
318534	99029
117318	99216
148689	99216
152163	99216
117370	99257
118245	99979
118279	100006
120056	100006
118279	100007
118279	100008
354081	100008
118279	100009
120056	100009
328266	100009
348996	100009
118279	100010
119325	100860
119325	100861
119416	100938
136982	100938
120056	101480
316457	101480
120056	101481
208442	101481
348996	101481
120056	101482
348996	101482
120056	101483
348996	101483
120056	101487
328266	101487
348996	101487
120056	101490
328266	101490
348996	101490
120510	101853
120569	101902
120649	101969
129128	101969
121601	102746
122039	103078
122041	103080
158856	103080
122044	103081
122044	103082
123570	104332
287094	104332
123952	104652
123952	104654
124386	104982
125281	105730
125742	106107
125786	106138
125925	106256
126209	106492
126504	106752
126707	106910
127387	107469
289629	107469
127624	107663
128146	108114
130810	110234
132456	111666
132748	111921
133037	112156
133042	112160
133215	112315
137858	112315
178733	112315
182744	112315
310411	112315
312172	112315
317941	112315
320084	112315
322528	112315
363227	112315
133231	112332
133851	112864
133965	112960
133965	112961
134350	113305
134447	113384
134541	113463
318997	113463
321903	113463
134732	113609
136564	115114
136648	115184
136707	115236
136971	115447
281054	115447
137544	115859
353916	115859
138162	116335
355671	116335
138162	116336
155778	116336
138530	116632
138561	116660
138561	116661
138561	116662
138561	116663
138561	116664
138561	116665
138561	116666
139124	117103
246125	117103
139360	117300
139595	117490
159008	117490
206522	117490
361201	117490
141195	118786
141537	119077
143298	120527
143517	120707
146067	122803
146162	122886
286432	122886
146319	123018
147674	124109
147829	124247
280914	124247
310663	124247
369461	124247
147987	124380
357004	124380
149268	125400
151516	127268
152977	128501
153289	128748
364680	128748
154094	129412
359473	129412
360647	129412
154146	129457
186474	129457
244908	129457
245451	129457
246491	129457
248375	129457
248858	129457
312028	129457
156006	130988
160380	130988
352723	130988
156031	131010
159358	133659
244170	133659
159545	133812
175017	133812
159919	134115
160234	134395
161070	135100
161295	135281
161911	135750
319287	135750
162948	136575
164287	137571
164893	138068
166458	139353
328266	139353
167284	140022
167430	140134
169004	141438
170510	142685
170773	142894
190687	142894
352761	142894
170922	143012
171255	143319
314387	143319
171303	143359
171440	143466
171556	143552
171902	143851
172423	144285
173276	145035
173460	145195
173987	145646
174062	145704
174062	145705
174062	145707
328939	145707
174062	145709
174226	145842
175309	146754
175509	146932
313411	146932
323847	146932
367301	146932
175746	147114
176233	147531
317466	147531
352153	147531
176548	147797
204397	147797
176842	148077
177363	148503
318084	148503
319150	148503
177400	148536
178065	149084
178149	149150
178272	149246
178713	149607
179187	150004
179752	150482
180038	150734
180449	151138
180730	151371
180731	151372
182266	152731
182902	153278
184627	154747
185181	155203
315425	155203
353117	155203
185318	155332
185462	155460
185740	155689
186340	156144
187662	157218
187715	157262
188331	157811
189139	158529
189162	158554
189214	158589
189541	158861
189545	158866
189545	158867
190500	159687
190777	159917
245490	159917
192614	161515
314887	161515
318639	161515
193137	161948
193208	162004
194195	162817
195666	164078
198688	166604
328083	166604
198688	166605
201165	168738
201443	168964
322703	168964
202599	169900
202836	170094
203167	170361
203849	170939
206278	173064
370294	173064
206278	173065
370294	173065
206391	173177
206944	173635
208442	174913
208472	174959
209438	175874
209500	175922
210009	176366
243707	176695
243760	176706
243809	176713
282906	176713
287354	176713
313097	176713
243809	176714
243910	176733
243963	176741
243965	176742
243969	176745
243993	176759
280821	176759
318534	176759
244007	176762
244013	176766
244072	176782
244074	176785
244161	176810
244166	176815
245103	176815
288562	176815
244195	176835
244197	176838
244203	176843
244275	176876
244288	176877
244407	176877
244292	176882
246106	176882
246588	176882
244305	176894
244472	176894
320636	176894
244315	176902
248011	176902
249807	176902
244360	176916
364517	176916
244389	176928
244393	176932
244430	176957
244498	176995
244508	177002
243993	177016
244524	177017
244611	177065
244663	177097
288564	177097
244718	177135
244722	177140
244724	177142
244920	177142
244761	177167
244842	177234
244953	177234
244874	177252
246408	177252
244913	177279
244951	177313
245123	177461
245266	177461
247470	177461
312287	177461
245123	177462
245266	177462
245123	177463
245266	177463
245168	177506
245219	177558
248722	177558
317771	177558
155339	177582
245245	177585
245245	177586
245256	177599
245284	177622
245335	177666
247009	177666
310507	177666
245335	177667
247009	177667
310507	177667
245479	177797
245550	177859
245590	177859
245593	177901
245640	177946
312151	177946
245646	177951
245717	178023
95738	178028
245866	178160
311898	178160
245895	178189
245983	178272
246072	178355
247443	178355
248065	178355
246289	178555
281929	178555
246446	178698
246491	178740
280904	178740
246494	178743
350037	178743
246520	178766
246554	178798
246712	178956
246776	179025
320571	179025
246824	179070
246854	179099
246854	179101
318084	179101
246885	179125
246980	179207
247081	179296
247218	179425
283989	179425
247286	179490
247324	179526
247471	179661
247614	179790
247762	179912
247835	179981
248020	180150
248061	180187
9096	180296
248219	180336
248229	180345
248334	180448
248358	180467
248529	180625
319750	180625
248541	180632
249143	181191
283240	181191
289327	181191
355733	181191
249230	181303
249256	181328
286830	181328
249442	181506
284146	181506
250123	182155
250128	182160
352451	182160
250130	182162
323251	182162
280814	182604
280914	182687
280976	182744
352651	182744
361236	182744
280998	182754
281197	182914
281306	183003
287191	183003
281981	183615
282092	183726
282119	183750
282308	183921
282337	183947
286818	183947
282517	184116
282771	184355
315436	184355
282771	184356
282865	184439
282962	184525
283030	184587
283209	184747
322518	184747
283218	184756
283371	184900
283631	185140
310746	185140
355498	185140
284074	185535
284413	185829
284648	186031
285391	186695
285509	186813
285595	186893
286117	187392
286165	187427
286266	187526
286562	187798
286784	188006
286995	188217
357328	188217
287030	188238
287094	188299
287152	188348
287435	188348
287264	188445
311484	188445
287354	188541
287531	188701
288081	189210
288244	189369
288259	189382
317492	189382
288360	189472
354994	189472
288496	189591
289135	190192
289191	190242
289547	190571
290068	191039
309795	191415
310383	191727
310383	191728
310478	191795
310663	191954
353853	191954
310663	191957
311492	192752
311503	192768
311512	192774
311580	192838
327158	192838
311604	192864
311647	192908
311716	192974
311829	193096
311898	193161
311923	193185
312761	194054
312832	194124
312898	194183
312908	194193
312908	194194
312930	194214
312954	194235
313049	194321
313350	194609
313695	194940
326458	194940
313855	195103
315817	195103
314174	195447
314179	195454
314367	195643
314387	195662
314887	196146
314887	196147
314887	196148
314887	196149
314887	196150
314887	196151
314887	196152
314887	196153
314887	196155
314887	196157
314887	196158
314887	196159
314887	196161
314887	196162
314890	196165
315109	196358
315154	196404
315284	196526
330099	196526
315527	196765
315527	196766
316208	197462
316208	197463
316208	197464
316208	197465
316208	197466
316208	197467
316576	197467
316208	197468
316208	197469
316208	197470
316208	197471
316208	197472
316208	197473
316208	197474
353853	197474
356587	197474
316279	197541
316347	197601
316457	197711
316576	197836
316576	197837
365827	197837
316576	197840
316654	197941
316740	198021
316748	198029
316750	198032
316777	198065
316978	198274
317013	198320
319631	198320
356279	198320
317142	198446
320024	198446
317623	198923
317783	199087
317909	199223
318084	199403
318084	199404
318084	199406
318084	199410
318394	199699
318602	199894
318997	200287
319036	200333
319233	200526
319619	200906
365460	200906
320167	201450
321203	202516
321268	202580
351535	202580
321744	203066
322528	203824
353301	203824
322528	203826
322528	203827
363227	203827
323141	204475
323348	204662
355516	204662
323845	205120
323988	205245
324226	205500
324570	205846
324844	206100
362363	206100
325324	206564
325717	206940
326648	207904
327336	208608
328083	209377
328266	209550
328266	209554
328939	210233
329262	210554
329683	211012
330018	211332
348996	211695
349596	211856
349764	211953
352451	214675
352684	214905
353065	215296
353852	216036
353853	216037
353853	216038
353853	216042
353853	216044
353853	216045
365827	216045
353853	216047
353853	216049
353853	216051
353853	216053
353883	216088
354426	216633
354572	216776
354955	217154
355637	217828
355749	217929
355819	217997
356587	218741
356587	218742
356587	218745
356587	218746
356655	218835
356786	218960
357030	219191
357369	219500
357695	219812
358628	220724
359256	221329
359473	221549
360647	221549
360128	222211
360141	222223
360536	222603
361294	223392
362733	224765
363305	225368
363529	225597
363599	225660
364314	226378
365827	227862
365827	227863
365827	227865
365827	227866
365827	227869
365827	227871
365827	227872
365827	227873
365827	227876
365864	227918
366926	229000
367322	229378
367681	229741
368085	230173
368823	230910
369453	231514
369727	231794
370082	232145
370174	232240
